First Name,Last Name,SSN
	Mandy,Xavier,440-14-5766
Zeus,Peterson,499-22-4812
Charlie,Bandons,406-31-4814
Lucas,Bartrand,654-05-2667
David,Eilers,033-30-4343
Sam,Gray,232-22-4963
Charlie,Eilers,600-43-2804
Victor,Urlacher,308-44-2022
Nina,Kelso,600-91-7493
Quinn,Jackson,495-70-1352
Julie,Nene,008-68-5594
Lisa,Bartrand,654-16-9106
Frank,Davis,341-10-7447
Evan,Sells,398-92-4706
Sam,Bartrand,637-88-5372
Lisa,Neeson,631-42-1983
Inez,Bandons,399-18-4407
Valerie,Overman,527-84-6396
Inez,Eilers,600-34-2235
Walter,Eilers,652-36-7173
Randy,Karlson,576-10-2806
Aaron,Walters,758-01-6476
Paige,Fredrickson,415-15-5452
Evan,Daughtry,600-33-8665
Faith,Humphrey,019-36-8233
Nina,Davis,004-04-3618
Evan,Daughtry,509-10-5825
Allison,Davis,042-11-8705
Mandy,Piper,497-72-7318
Ivan,Richfield,600-99-2804
Kimberly,Nene,221-82-4501
Valerie,Davis,656-07-5362
Yves,Zanders,629-20-6364
Faith,Hambley,235-39-9139
Beth,Karlson,519-35-6018
Sam,Nene,698-07-4943
David,Xavier,142-13-9199
Usain,Canfield,574-25-4192
Aaron,Gray,600-76-8547
Julie,Bandons,536-06-0513
Valerie,Grayton,516-52-2734
Marc,Overman,519-84-6060
Quincy,Langer,444-98-0051
Randy,Canfield,234-05-3535
Marc,Piper,683-14-9761
Walter,Larson,527-82-7694
Sam,Maxwell,005-28-1374
Beth,Yentz,605-51-1833
Faith,Hambley,239-88-8783
Charlie,Davis,576-96-3262
Kimberly,Taskey,600-43-8545
Zoey,Adams,400-23-8783
Julie,Tavares,751-01-4137
Kimberly,Issacs,390-18-0430
Aaron,Renton,680-70-2929
Cassandra,Stills,375-34-2234
David,Maxwell,236-31-5863
Gabriella,Richfield,218-19-7963
Faith,Taskey,037-05-0289
Lucas,Velmer,326-02-9785
Zeus,Zanders,448-02-6982
Valerie,Xavier,471-35-8456
Victor,Kelso,751-10-8464
Keith,Anderson,008-34-4729
James,Johnson,005-92-8177
Quincy,Zanders,219-37-1788
Quinn,Bartrand,318-98-5749
Olivia,Gray,634-16-8670
Mandy,Davis,520-88-8357
Victor,Bandons,574-62-6354
Charlie,Xavier,650-05-8112
Ivan,Jackson,659-16-7806
Aaron,Casey,406-64-5745
Zoey,Indigo,437-53-3471
Bob,Langer,577-84-2487
Julie,Grayton,519-56-7896
Allison,Tavares,621-64-0867
Yves,Xavier,221-04-8945
Aaron,Qualms,426-98-3350
Zeus,Casey,446-03-3563
Tim,Victonson,658-09-8639
Rebecca,Indigo,680-22-9965
James,Larson,530-13-0787
Walter,French,431-31-2556
Wind,Issacs,261-69-1972
Victor,Bandons,508-84-1946
Gary,Tavares,382-34-2884
Walter,Larson,515-23-6662
Lucas,Nene,037-64-5433
David,Zenith,334-14-6504
Quinn,Stills,678-12-2503
Hector,Eckhart,239-56-5692
Inez,Bartrand,530-56-6938
Kimberly,Qualms,490-56-4382
Paige,Davis,415-79-3749
Ivan,Davis,520-43-3844
Beth,Youngblood,574-08-5841
Rebecca,Wyans,401-12-5351
Nathan,Peterson,530-39-7971
Marc,Youngblood,628-38-9147
Inez,Tavares,115-03-3291
David,Taskey,246-99-8265
Paige,Urlacher,253-57-5234
Wind,Bandons,516-64-5015
Tim,Bartrand,308-90-4666
Faith,Humphrey,239-68-5276
Nina,Daughtry,220-42-3821
Oscar,Kelso,338-32-5655
Sandi,Canfield,578-62-0260
Destiny,Fredrickson,513-28-7806
Julie,French,519-33-8551
Olivia,Casey,003-01-5127
Quincy,Davis,049-50-3877
Hector,Langer,577-35-4251
Zeus,Gray,527-37-2004
Valerie,French,506-07-5819
Valerie,Piper,366-10-2494
Marc,Bandons,045-74-1931
Usain,Daughtry,150-78-4327
Zoey,Karlson,005-34-4887
Quinn,Uman,647-01-7302
Hannah,Langer,552-48-3545
Ivan,Yentz,757-01-4259
Zeus,Peterson,508-74-2045
Randy,Youngblood,396-25-5967
Ivan,Grayton,579-29-8634
Kimberly,Humphrey,178-50-2595
Julie,Xavier,505-05-6754
Cassandra,Richfield,178-64-9978
Quincy,Casey,536-57-9172
Gary,Victonson,005-30-7888
Allison,Adams,677-01-3570
Quinn,Maxwell,574-15-4621
Ivan,Issacs,501-88-1822
Bob,Langer,534-56-0149
Beth,Tavares,679-10-9272
Gabriella,Renton,508-64-8321
Beth,French,443-24-4105
Tim,Uman,251-55-8325
Tim,Zanders,394-34-6726
Allison,Neeson,284-46-7571
Beth,Davis,444-80-7548
Victor,Hambley,393-18-5439
Kimberly,Bandons,523-89-3184
Julie,Urlacher,242-64-3549
Cassandra,Eilers,759-01-0439
Oscar,Zanders,513-30-1389
Allison,Overman,417-18-1367
James,Indigo,426-99-9319
Wind,Daughtry,502-03-3560
Rebecca,Wyans,505-58-1793
Randy,Canfield,574-52-2697
Faith,Yentz,519-77-4798
Aaron,Sells,336-38-5155
Hannah,Casey,503-48-6129
Unice,Velmer,421-20-4030
Nina,French,770-46-4278
Rebecca,Walters,391-21-9324
Valerie,Canfield,520-60-1330
Bob,Wyans,518-54-3041
Victor,French,215-70-7219
Lisa,Fredrickson,035-42-4347
Rebecca,Qualms,471-09-9275
Nina,Overman,473-49-6462
Cassandra,Piper,592-67-1230
David,Bandons,249-95-1343
Kimberly,Humphrey,445-08-2347
Mandy,Nene,285-70-0662
Nathan,Bartrand,510-22-3582
Quinn,Renton,009-32-4194
Sandi,Johnson,758-05-6921
Julie,Piper,004-30-4682
Yves,Uman,595-98-4467
Olivia,Issacs,225-56-8002
Gary,Larson,305-76-6860
Nina,Stills,574-72-9431
Olivia,Maxwell,695-05-9352
Valerie,Hambley,003-54-6039
David,Humphrey,575-61-9330
Inez,Qualms,670-34-7632
Randy,Stills,231-76-8724
Faith,Peterson,518-01-7479
Wind,Sells,515-05-7846
Lucas,Peterson,009-07-4023
Valerie,Piper,387-27-1888
Zeus,Richfield,296-11-5308
Tim,Casey,028-84-9670
Sam,Johnson,468-66-5720
Tina,Misconin,525-94-2970
Unice,Langer,518-06-2334
Rebecca,Larson,589-64-2867
Nathan,Stills,520-68-6271
Randy,Gray,520-62-5039
Zeus,Yentz,663-09-4026
Destiny,Tavares,413-09-6455
Julie,Nene,594-05-0312
Randy,Daughtry,595-97-5738
Kimberly,Zanders,239-63-9934
Cassandra,Davis,449-10-0713
Kimberly,Uman,443-64-9686
Sam,Anderson,762-01-1800
Evan,Stills,694-03-0361
Lucas,Davis,422-32-0616
Tina,Youngblood,377-06-0296
Tim,Indigo,575-39-0191
Victor,Humphrey,281-50-7265
Zeus,Zanders,490-84-2316
Mandy,Youngblood,039-56-4982
Sandi,Victonson,137-07-4692
Quinn,Canfield,400-18-1121
Rebecca,Eilers,307-38-0817
Victor,French,485-78-3412
Valerie,Humphrey,443-20-8667
Mandy,Wyans,222-64-4019
Sandi,Wyans,390-13-0215
Marc,Sells,519-72-2297
Bob,Eilers,516-02-9624
Kimberly,Optimer,405-02-0866
Gary,Taskey,406-62-8072
Frank,Renton,579-44-0880
Tina,Davis,295-06-9585
Gary,Piper,443-14-3980
Zeus,Eckhart,291-16-7025
Mandy,Issacs,765-56-9408
Evan,Issacs,544-72-5450
Hannah,Langer,229-55-6803
Julie,Velmer,699-01-9651
Oscar,Taskey,438-05-0936
Ivan,Bartrand,038-72-8382
Lucas,Stills,758-07-9197
Keith,Misconin,222-46-5255
Olivia,Maxwell,387-27-6738
Aaron,Zanders,004-50-1718
Walter,Sells,516-88-0027
Quincy,Xavier,038-18-1546
James,Humphrey,219-60-8854
Frank,Stills,340-28-0271
Gary,Hambley,424-98-4408
Destiny,Sells,468-72-9804
David,Yentz,517-98-3329
Sandi,Fredrickson,428-67-7988
Allison,French,512-30-7127
Frank,Richfield,435-11-6003
Beth,Overman,518-49-2162
Olivia,Langer,008-66-4588
Allison,Karlson,520-42-2491
Sandi,Zanders,035-42-2086
Marc,Piper,430-55-3857
Julie,Grayton,649-09-8251
Yves,Davis,221-20-4449
Quincy,Wyans,035-01-8400
Ivan,Daughtry,520-66-9545
Hannah,Jackson,193-64-6380
Valerie,Maxwell,451-58-7895
Victor,French,189-76-4446
Evan,Indigo,083-09-2083
Randy,Victonson,629-14-6358
David,Daughtry,407-36-3413
Quinn,Anderson,311-62-0499
Oscar,Peterson,008-32-1292
Olivia,Adams,648-32-6690
Julie,Youngblood,317-38-2258
Frank,Adams,520-98-3926
Hector,Stills,003-72-4522
Paige,Overman,426-33-6496
Olivia,Piper,269-60-3165
Valerie,Qualms,503-24-0850
Paige,Davis,639-44-5315
Beth,Langer,751-01-1642
Gabriella,Adams,392-06-8389
Allison,Peterson,678-14-4576
Beth,Maxwell,442-78-3061
Bob,Richfield,750-10-3124
Julie,Xavier,670-20-6918
Oscar,Walters,044-16-7452
Destiny,Karlson,756-05-8587
Emily,Optimer,506-18-3224
Zeus,Qualms,558-70-8117
Lisa,Eckhart,203-76-4194
Gary,Taskey,648-12-9477
Nathan,Anderson,048-46-8844
Julie,Optimer,543-50-8964
Emily,Langer,534-53-6403
Quinn,Victonson,465-78-8003
Nathan,Nene,306-27-4658
Tim,French,548-06-3150
Ivan,Bartrand,652-01-4419
Nathan,Richfield,520-92-3627
Inez,Xavier,403-64-9780
James,Neeson,673-34-4790
Ivan,Overman,647-58-3291
Ivan,Zanders,484-05-6965
Quinn,Overman,517-34-5452
Walter,Sells,221-10-8878
Walter,Optimer,506-03-9040
Cassandra,French,646-74-0006
Julie,Zenith,352-98-5214
Unice,Xavier,239-06-2761
Zoey,Velmer,045-68-9744
Frank,Johnson,076-84-4120
Oscar,Daughtry,291-24-9847
Randy,Tavares,506-04-9580
Faith,Casey,416-86-0688
Marc,Kelso,576-93-3030
Unice,Kelso,221-62-9396
Allison,Larson,502-42-4412
Aaron,Canfield,418-86-4009
Paige,Urlacher,239-46-1311
Tim,Anderson,585-96-8669
Cassandra,Peterson,680-05-0678
Lucas,Eckhart,502-56-1026
Beth,Canfield,515-66-5661
Quinn,Kelso,518-21-4851
Marc,Eckhart,400-27-9796
Marc,Eilers,481-10-8159
Aaron,Uman,158-86-3723
Emily,Urlacher,527-66-7980
Paige,Maxwell,771-54-6845
Randy,Taskey,002-36-1851
Usain,Anderson,498-60-2657
Usain,Neeson,108-40-4040
Walter,Sells,764-46-8201
Gary,Walters,325-18-7765
James,Canfield,587-26-4934
Hannah,Sells,377-08-8933
Tina,Optimer,002-20-9978
Rebecca,Larson,627-66-8510
Tina,Zenith,414-38-6176
Quincy,Xavier,008-64-5172
Cassandra,Victonson,519-94-6005
Allison,Misconin,544-11-5765
Yves,Maxwell,293-58-9541
Quinn,Velmer,469-22-5240
Sam,Bartrand,527-51-1544
Oscar,Grayton,192-62-4770
Julie,Casey,574-36-8102
Nathan,Velmer,501-84-2637
Quinn,Indigo,436-95-6381
Olivia,Wyans,516-16-0378
Allison,Maxwell,476-90-5422
Marc,Gray,534-76-3426
Valerie,French,444-90-0558
Victor,Peterson,232-16-0006
Aaron,Anderson,591-65-9304
Gary,Qualms,406-33-0782
Charlie,Misconin,442-17-8385
Yves,Jackson,531-62-9856
Valerie,Hambley,036-58-9811
Lisa,Neeson,574-50-2411
Kimberly,Zanders,004-58-0523
Victor,Richfield,520-41-3593
Ivan,Eckhart,553-29-2826
Usain,Victonson,445-68-6113
Usain,Victonson,005-03-4158
Tina,Taskey,438-83-6820
Ivan,Velmer,656-10-2787
Hector,Zenith,501-31-9684
Beth,Casey,221-88-3734
Quincy,Misconin,018-10-8049
Nina,Walters,422-36-2988
Olivia,Maxwell,032-60-0632
Kimberly,Gray,424-14-4032
Wind,Langer,360-54-1103
Mandy,Xavier,286-36-6543
Emily,Urlacher,679-14-1075
Sandi,Daughtry,048-42-8143
Ivan,Zenith,379-26-8296
Quincy,Kelso,473-31-1312
Destiny,Nene,513-32-0673
Faith,Karlson,511-94-1046
Emily,Larson,422-31-8712
Cassandra,Velmer,009-34-2368
Keith,Adams,141-06-5587
Lisa,Larson,519-72-4984
Tim,Kelso,518-19-1611
Charlie,Stills,579-02-8359
Inez,Wyans,751-10-1933
Yves,Gray,061-09-1510
Inez,Misconin,472-24-9289
Evan,Johnson,007-30-1432
Gabriella,Maxwell,520-04-9140
Destiny,Xavier,009-26-2675
Gabriella,Issacs,335-18-1007
Quinn,Daughtry,335-86-1840
Beth,Bandons,213-86-0448
Unice,Casey,757-07-6816
Keith,Adams,038-28-3146
Rebecca,Issacs,081-72-1457
Inez,Wyans,502-58-8268
Victor,Piper,520-44-4381
Keith,Renton,600-56-9491
Zeus,Peterson,407-21-1347
Victor,Gray,493-34-4967
Faith,Walters,418-26-7927
Nina,Taskey,444-05-2375
Rebecca,Zanders,007-09-3815
Zeus,Canfield,221-20-3740
Zoey,Eilers,136-14-6199
Marc,Urlacher,525-65-1299
Tina,Youngblood,417-82-3844
David,Tavares,141-68-9346
Gabriella,Issacs,239-69-1147
Wind,Maxwell,769-20-7547
Allison,Canfield,093-22-9862
Keith,Larson,516-10-4929
Gabriella,Indigo,404-47-4519
Gabriella,Taskey,544-29-7618
Wind,Canfield,005-07-3896
Charlie,Tavares,514-27-6433
Beth,Bandons,270-82-6615
Zeus,Jackson,579-26-5882
Rebecca,Peterson,764-84-0892
Nina,Grayton,524-55-7917
Walter,Davis,579-26-7154
Rebecca,Adams,529-82-2695
Hector,Larson,518-26-8669
Victor,Johnson,507-86-6129
Gary,Adams,427-36-8287
Valerie,Grayton,306-44-5758
Yves,Issacs,206-46-5682
Lucas,Overman,525-92-2009
Charlie,Neeson,650-24-7801
Quincy,Wyans,518-22-0168
Sam,Youngblood,025-05-3567
Emily,Qualms,518-02-4697
Lucas,Casey,239-98-6442
Wind,Indigo,543-82-1199
Charlie,Zanders,504-08-4162
Beth,Larson,005-30-8722
Usain,Gray,646-90-4600
Frank,Casey,429-45-5382
Gabriella,Piper,468-70-5780
Quincy,Neeson,048-86-1334
Evan,French,141-52-0040
Beth,Neeson,502-70-7156
Nina,Maxwell,529-98-7524
Lisa,Victonson,652-01-9012
Paige,Daughtry,643-82-7455
Evan,Anderson,009-14-8435
Yves,Victonson,036-50-1880
Ivan,Bartrand,646-05-4938
Lisa,Langer,656-24-8745
James,Maxwell,465-23-5020
Hannah,Youngblood,579-40-2024
Tim,Renton,530-08-3189
Julie,Humphrey,489-82-3120
Tim,Issacs,398-50-6432
Aaron,Jackson,525-16-5514
Julie,Larson,509-26-0992
Paige,Nene,443-62-7431
Zoey,Daughtry,677-14-0477
Walter,Canfield,544-13-7089
Oscar,Uman,533-50-5944
Bob,Nene,266-81-2247
Bob,Larson,468-09-5645
Lisa,Uman,591-20-9487
Oscar,Maxwell,027-10-3810
Lucas,Davis,388-96-6691
David,Stills,038-01-7574
Nina,Youngblood,248-25-2692
Randy,Zenith,428-56-4140
Frank,Adams,404-28-9983
Rebecca,Victonson,033-22-6091
Destiny,Nene,513-23-5835
Unice,Misconin,544-65-8324
Quinn,Bandons,037-40-5216
Lisa,Sells,519-41-9389
Zoey,Neeson,448-03-5484
Unice,Taskey,172-84-3621
Ivan,Youngblood,108-38-6546
Frank,Nene,005-07-2107
Bob,Peterson,574-88-7054
Destiny,Zanders,579-56-7783
Olivia,Larson,307-20-1728
Keith,Victonson,516-72-9695
Ivan,Davis,569-77-4666
Ivan,Anderson,543-02-6667
Destiny,Overman,502-16-3209
Inez,Youngblood,587-20-1758
Cassandra,Anderson,574-94-5480
Rebecca,Canfield,663-07-2124
Victor,Yentz,272-13-1955
Sandi,Jackson,267-21-2881
Gary,Piper,009-70-6473
Tina,French,544-39-7454
Victor,Anderson,464-02-3195
Bob,Hambley,312-12-8718
Marc,Bartrand,362-38-9475
Destiny,Velmer,519-10-4852
Beth,Canfield,473-05-2921
Marc,Neeson,283-70-2949
Gabriella,Johnson,516-38-3103
Paige,Optimer,496-01-9052
Zeus,Daughtry,577-62-3975
Aaron,Indigo,502-19-5126
Sam,Canfield,222-28-0210
Nina,Zanders,395-48-7857
Cassandra,Hambley,513-38-0144
Marc,Bandons,494-82-2763
Usain,Velmer,751-07-1379
Yves,Daughtry,515-11-5108
Usain,French,518-10-5606
Ivan,Kelso,503-98-8443
Beth,Issacs,169-42-4134
Yves,Wyans,487-94-7046
Frank,Walters,234-76-6737
Nina,Larson,507-40-0139
Tim,Jackson,419-92-4240
Inez,Eckhart,517-25-3880
Paige,Jackson,765-46-8189
Olivia,Optimer,235-13-3838
Gary,Casey,239-10-7717
Beth,Tavares,510-22-3344
Frank,Zanders,518-59-1578
Charlie,Humphrey,311-60-6645
Zeus,Peterson,517-94-3370
David,Victonson,520-34-4480
Beth,Davis,229-99-1646
Sam,Stills,407-19-9519
Lucas,Misconin,249-12-2695
James,Eckhart,764-38-4972
Quincy,Uman,389-90-9387
Marc,Langer,182-03-5139
Victor,Uman,428-03-8266
Zoey,Peterson,400-78-0916
Usain,Wyans,346-40-6684
Sandi,Piper,406-22-5152
Gabriella,Tavares,248-38-8603
Bob,Velmer,459-82-8187
Zeus,Casey,045-54-5119
Wind,Karlson,529-12-6687
Zeus,Zenith,251-23-9435
Tim,Qualms,005-18-1831
Valerie,Karlson,763-01-4145
Usain,Wyans,219-88-9905
Evan,Uman,649-36-2344
Beth,Gray,503-92-6506
Rebecca,Renton,658-09-9984
Inez,Issacs,085-03-1929
Lucas,Misconin,501-19-6608
Tim,Misconin,686-14-8961
Aaron,Bandons,520-78-4062
Destiny,Misconin,540-01-7679
Quinn,Victonson,585-08-6985
Julie,Richfield,530-68-9146
Nina,Zenith,574-15-9832
Beth,Tavares,370-82-3494
James,Piper,373-17-4426
Victor,Adams,578-33-5448
David,Renton,490-70-9187
Julie,Qualms,539-12-3305
Beth,Stills,671-22-0920
Rebecca,Bandons,541-61-1400
Tina,Sells,484-37-7689
Julie,Uman,356-09-0782
Sandi,Tavares,407-36-9507
Tina,Eilers,601-16-8475
Emily,Fredrickson,539-23-4250
Yves,Hambley,226-82-2211
Quinn,Jackson,518-38-6796
Hector,Nene,418-66-5090
Yves,Neeson,428-53-0577
Cassandra,Uman,448-15-7350
Charlie,Overman,674-16-4859
Quincy,Renton,144-06-5358
Gary,Uman,038-66-6278
Quinn,Yentz,517-03-7439
Destiny,Xavier,521-65-3908
Lisa,Piper,001-94-5880
Victor,Sells,677-09-2841
Emily,Optimer,404-06-8587
Paige,Walters,698-03-9507
Lucas,French,444-64-5725
Randy,Gray,114-56-9650
Quincy,Bartrand,528-41-9691
Hector,Zenith,294-04-6525
Emily,Zenith,520-48-5908
Mandy,Anderson,417-15-1380
Julie,Humphrey,530-96-6721
Beth,Youngblood,763-05-4761
Evan,Peterson,382-22-8671
Julie,Davis,440-72-4910
Kimberly,Casey,504-08-2328
Walter,Velmer,694-09-6176
Unice,Maxwell,604-55-5005
Zoey,Maxwell,444-13-6617
Yves,Eckhart,516-23-3516
Hannah,Bartrand,221-09-6952
Yves,Peterson,632-98-4345
Tina,Karlson,027-62-6388
Evan,Fredrickson,048-42-4788
Inez,Renton,528-40-3899
Zeus,Bandons,574-58-3534
Walter,Eckhart,479-01-0622
Zoey,Neeson,457-01-1688
Zeus,Eckhart,403-21-9379
James,Walters,307-12-2813
Walter,Indigo,436-03-7098
Faith,Anderson,007-04-0450
Olivia,Victonson,481-78-7501
Ivan,Optimer,035-32-0795
Cassandra,Tavares,151-01-3879
Hector,Jackson,504-76-1510
Ivan,Walters,499-14-2510
Bob,Eilers,444-74-7366
Keith,Youngblood,511-13-7171
Paige,Eilers,150-10-7930
Randy,Tavares,005-80-9270
Destiny,Maxwell,430-92-2065
Rebecca,Casey,484-12-8233
Usain,Eilers,515-08-7003
Victor,Tavares,239-91-9602
Olivia,Yentz,423-50-7622
Keith,Maxwell,600-57-7057
Walter,Renton,002-05-1153
Paige,Zanders,482-34-8725
Oscar,Adams,305-31-3304
Frank,Zenith,543-05-6362
Sam,Kelso,673-22-7966
Quincy,Langer,509-62-3766
Sandi,Davis,574-17-6788
Aaron,Humphrey,501-58-3770
Gabriella,Johnson,539-02-4267
Lucas,Maxwell,038-40-4028
Lisa,Sells,519-75-4401
Aaron,Eckhart,043-04-3387
Hannah,Neeson,388-20-3045
Mandy,Walters,489-34-9507
Paige,Gray,520-21-3043
Olivia,Jackson,396-26-6745
Paige,Zanders,008-30-7138
Valerie,Renton,578-48-4699
Tim,Larson,426-36-8345
James,Velmer,577-58-1896
Yves,Uman,036-32-1089
Victor,Gray,009-76-2530
Sam,Indigo,481-80-2161
Mandy,Overman,637-20-0620
Yves,Adams,008-70-8001
Cassandra,Bartrand,648-12-8717
Julie,Qualms,046-96-8688
Wind,Issacs,140-34-1242
Hannah,Optimer,269-78-5910
Lucas,Humphrey,184-30-1138
Victor,Renton,100-62-1699
Yves,Nene,007-80-5326
Marc,Sells,501-16-6695
Randy,Humphrey,504-52-8421
Bob,Larson,642-74-1908
Gabriella,Velmer,002-38-6968
Quinn,French,520-10-1205
Unice,Casey,232-90-4749
Sandi,Wyans,529-45-7204
Emily,Richfield,254-73-5781
Bob,Victonson,668-07-2081
Destiny,Bartrand,009-82-4483
Hector,Eckhart,421-78-5047
James,Xavier,482-58-3855
Kimberly,Youngblood,003-64-4094
Nathan,Larson,044-88-0568
Frank,Grayton,608-39-6278
Lucas,Piper,667-16-3438
Beth,Karlson,529-95-2825
Lucas,Tavares,401-37-7271
Ivan,Johnson,492-03-9664
Lucas,Tavares,509-15-4317
Allison,Xavier,585-19-5947
Oscar,Bandons,531-31-9591
Usain,Karlson,036-58-1584
Mandy,Kelso,530-88-8255
Aaron,Nene,156-04-2371
Zoey,Renton,473-23-1856
James,Richfield,426-50-7891
Nathan,Casey,489-50-7027
Gabriella,Tavares,579-14-1107
Rebecca,Urlacher,517-45-1378
Zeus,Kelso,005-62-0245
Yves,Langer,400-57-6635
Randy,Issacs,537-64-6193
Destiny,Overman,647-80-0620
Cassandra,Renton,221-96-8047
Nina,Uman,574-34-8151
Gabriella,Fredrickson,417-55-9845
Keith,Bandons,381-34-0839
Paige,Bandons,278-52-7692
Walter,Stills,052-14-1984
Julie,Jackson,411-45-4266
Marc,Urlacher,041-46-0543
Evan,Uman,460-71-7655
David,Eckhart,234-72-0155
Yves,Canfield,529-61-2140
Valerie,Xavier,008-28-4515
Rebecca,Bartrand,239-66-8594
Wind,Hambley,439-75-2092
Evan,Anderson,757-05-1086
Usain,Urlacher,418-17-6335
Faith,Misconin,758-07-1588
Charlie,Eckhart,155-02-8780
David,Issacs,446-76-2791
Julie,Davis,536-70-9370
Walter,Adams,486-27-4086
Valerie,Sells,574-30-0535
Hannah,Youngblood,652-36-9742
Valerie,Kelso,579-27-9246
Marc,Adams,036-66-2325
Randy,Optimer,364-32-5207
Evan,Grayton,041-34-9338
Marc,Richfield,254-57-5876
Usain,Youngblood,412-84-1874
Tina,Walters,476-76-8259
Evan,Humphrey,763-01-6383
Destiny,Renton,519-64-6194
Zoey,Hambley,503-38-0513
Gary,French,649-40-0646
Randy,Taskey,044-76-4727
Aaron,Kelso,541-86-2724
Lucas,Anderson,341-16-3670
Cassandra,Indigo,393-82-1196
Faith,Sells,574-41-1552
Beth,Indigo,525-18-9371
Hannah,Bartrand,157-50-4924
Ivan,Langer,601-31-4563
Bob,Daughtry,675-34-3884
Tina,French,138-66-4907
Beth,Taskey,646-56-9294
Sandi,Gray,536-36-6177
Sandi,Indigo,428-81-9604
Rebecca,Taskey,445-18-1767
Quinn,Neeson,514-46-1247
Lisa,Taskey,437-14-5487
Victor,Casey,407-16-5918
Gabriella,Optimer,095-68-2328
David,Fredrickson,750-01-4217
Valerie,Johnson,372-02-4229
Frank,Adams,251-22-9726
Gary,Maxwell,503-07-3902
Yves,Casey,574-94-1733
Randy,Eckhart,510-44-3758
Mandy,Overman,625-98-5730
Hannah,Sells,263-02-1747
James,Kelso,221-05-6476
Sam,Tavares,648-05-6930
Kimberly,Casey,036-10-5509
Charlie,Piper,232-47-8210
Zeus,Victonson,761-01-6472
Lisa,Sells,040-16-8505
Valerie,Bartrand,482-23-0362
Tina,Tavares,429-82-8736
Walter,Issacs,143-60-1627
Kimberly,Piper,509-62-5193
Zoey,Xavier,578-70-5486
Gary,Humphrey,387-72-8549
Kimberly,Bartrand,504-44-5349
Yves,Eilers,277-09-3281
Unice,Overman,499-66-2452
Marc,Misconin,587-82-8164
Gabriella,Bandons,523-89-2029
Frank,Humphrey,503-82-7545
Randy,Davis,009-36-0837
Olivia,Bandons,212-82-9936
Olivia,Taskey,656-26-0098
Nina,Zenith,009-14-7854
Unice,Tavares,212-30-3432
Gary,Indigo,516-37-6330
Usain,Tavares,350-32-6155
Usain,Daughtry,676-05-9586
Allison,Misconin,530-58-0607
Aaron,Richfield,316-40-5599
Hannah,Youngblood,587-31-2123
Faith,Johnson,218-71-5210
James,Nene,529-83-4851
Sandi,Stills,595-15-4783
Emily,Neeson,217-52-1844
Bob,Yentz,251-35-6568
Wind,Karlson,644-22-0143
Evan,Larson,394-22-6330
Lucas,Tavares,221-05-2284
Bob,Uman,751-03-5562
Yves,Wyans,539-44-1855
Mandy,Yentz,575-13-5830
Sam,Indigo,618-10-3213
Wind,Xavier,751-09-9675
Nina,Uman,314-48-9738
Marc,Karlson,295-38-7107
Rebecca,Urlacher,423-16-9869
Nathan,Misconin,479-11-6704
Charlie,Daughtry,525-44-5464
Aaron,Neeson,231-22-0693
Beth,Humphrey,532-51-9983
Evan,Qualms,649-07-8608
Yves,Indigo,505-51-1690
Gabriella,Issacs,518-47-0897
David,French,520-74-0374
Quincy,Taskey,524-87-6120
Julie,Jackson,317-08-9334
James,Larson,508-92-2733
Marc,Richfield,574-50-4557
Hannah,Uman,512-50-1865
Nina,Daughtry,577-15-7834
James,Wyans,520-98-2081
Walter,Tavares,506-98-9081
Rebecca,Gray,475-04-5844
Walter,Jackson,380-16-5693
Emily,Tavares,307-46-9173
Bob,Adams,335-40-5820
Hannah,Issacs,135-03-9458
David,Davis,575-01-7943
Beth,Victonson,574-22-0942
Evan,Misconin,647-26-5980
Olivia,Bartrand,239-18-4460
Charlie,Humphrey,577-92-2251
Destiny,Walters,543-69-2687
Quincy,Jackson,309-24-1417
Kimberly,Qualms,574-86-7060
Hector,Johnson,303-40-5093
Quinn,Sells,510-82-4889
David,Daughtry,579-13-6193
Lisa,Grayton,543-51-9967
Usain,Overman,419-70-2185
Valerie,Wyans,399-54-2061
Yves,Gray,358-66-3906
Hector,Zanders,760-05-4144
Usain,Velmer,518-35-8129
Keith,French,169-62-9069
Beth,Canfield,188-38-0425
Kimberly,Uman,269-54-5092
Evan,Jackson,222-12-2333
Beth,Optimer,513-26-2102
Frank,Larson,003-16-2145
Randy,Neeson,503-11-0633
Nathan,Urlacher,089-58-3067
Julie,French,483-50-8615
Hector,Yentz,245-06-6826
Tim,Piper,574-45-7561
Nina,Yentz,235-07-5138
Evan,Yentz,368-50-4270
Cassandra,Casey,770-52-1002
Hannah,Larson,153-66-7351
Walter,Anderson,039-60-5241
Rebecca,Wyans,530-30-5611
Marc,Renton,268-80-4944
Kimberly,Bartrand,691-03-1656
Emily,Optimer,008-54-9894
Usain,Neeson,673-01-3936
Gabriella,Youngblood,542-18-6738
Yves,Indigo,490-36-8697
Tina,Nene,216-16-0755
Hannah,Adams,449-36-7156
Oscar,French,383-92-0944
James,Daughtry,363-05-6553
Paige,Hambley,587-38-2199
Walter,Indigo,761-03-8362
Tim,Wyans,407-94-0424
Marc,Velmer,577-35-8080
Tim,Larson,216-50-3230
Julie,Victonson,508-03-5516
Gary,Kelso,574-43-9147
Walter,Bartrand,493-80-3779
Gary,Grayton,004-64-3744
Frank,Qualms,671-34-9285
Nathan,Adams,422-88-1769
Kimberly,Taskey,193-68-9296
Quinn,Fredrickson,004-64-2429
Tim,Larson,085-60-7133
Mandy,Overman,517-37-4764
Gabriella,Daughtry,009-36-7411
Evan,Tavares,579-96-0250
Gary,Humphrey,384-78-6559
Zeus,Richfield,519-02-5329
Julie,Grayton,468-35-1664
Julie,Zenith,232-43-8166
Ivan,Youngblood,665-07-5596
Gary,Gray,650-28-1743
Inez,Xavier,647-54-8730
Tina,Sells,430-66-5477
Ivan,Canfield,424-49-8108
Zeus,Indigo,008-62-9439
Wind,Yentz,037-58-9016
Nina,Anderson,510-13-1860
Charlie,Humphrey,513-26-9282
Olivia,Gray,575-79-2519
Hector,Larson,148-09-0827
Cassandra,Overman,576-51-0361
Zoey,Stills,544-82-6185
Sandi,Richfield,306-32-1170
Zoey,Jackson,534-13-9112
Bob,Nene,574-36-3704
Kimberly,Eckhart,371-28-7501
Usain,Larson,428-60-5741
Julie,Misconin,643-98-5830
Faith,Renton,428-33-0726
Gabriella,Nene,435-73-7602
Zeus,Karlson,356-02-3642
Bob,French,656-05-8732
Olivia,Stills,578-70-7890
Yves,Gray,463-97-4742
Olivia,Peterson,574-26-7730
Tina,Gray,036-42-5936
Unice,Daughtry,650-09-3653
Cassandra,Richfield,398-18-6163
Valerie,Victonson,250-70-0801
Emily,Indigo,686-01-1768
Olivia,Stills,206-42-7403
Olivia,Canfield,230-96-7320
Zoey,Larson,646-84-4465
Quincy,Optimer,405-43-7225
Usain,Victonson,515-15-5101
Frank,Bandons,502-14-3877
Hannah,Humphrey,503-66-0413
Tim,Sells,462-82-4334
Randy,Fredrickson,406-78-4805
Evan,Stills,442-18-5208
Sandi,Uman,119-72-4731
Quinn,Peterson,501-16-5715
Hector,Xavier,009-70-9135
Gabriella,Taskey,648-12-9899
Keith,Richfield,696-09-0030
Sam,Misconin,217-37-1316
Hannah,Neeson,650-30-0538
Yves,Zanders,694-03-3672
Yves,Stills,009-72-9187
Hannah,Adams,528-58-3976
Julie,Maxwell,239-55-6173
Zoey,Canfield,472-98-6543
Usain,Anderson,009-58-1055
Nina,Overman,519-36-6148
Hannah,Gray,636-05-3313
Sam,Gray,306-27-8162
Rebecca,Maxwell,542-66-6803
Zeus,Issacs,008-32-5564
Allison,Kelso,404-46-2756
Randy,Xavier,225-79-7858
Quinn,Davis,502-36-7370
Charlie,Daughtry,478-32-2818
Keith,Wyans,508-24-3372
Hannah,Issacs,216-11-6113
Frank,Urlacher,118-46-9654
Rebecca,Victonson,311-88-0933
Unice,Humphrey,541-72-2381
Hector,Zenith,516-28-2436
Zeus,Urlacher,516-76-8283
Zeus,Adams,511-46-3088
Gabriella,Youngblood,145-98-3658
Faith,Velmer,337-07-7561
Nathan,French,502-64-3681
Sam,Stills,042-92-6081
Randy,Misconin,465-26-9994
James,Bartrand,520-06-5543
Quinn,Johnson,665-01-4074
Olivia,Richfield,277-92-5061
Walter,Daughtry,513-76-2891
Victor,Daughtry,648-09-9431
David,Optimer,466-64-5173
Valerie,Langer,422-53-1533
Ivan,Indigo,502-10-1535
Zoey,Qualms,423-25-1201
Gary,Qualms,502-32-9028
Inez,Sells,455-16-5687
Marc,Anderson,504-42-1157
Quinn,Humphrey,160-20-2429
James,Uman,585-57-7003
Beth,Eckhart,646-32-3102
Unice,Gray,329-66-9517
Destiny,Hambley,407-36-8317
Randy,Eilers,534-70-4313
Randy,Zenith,579-40-5431
Walter,Bartrand,001-10-0973
Julie,Kelso,445-14-2805
Victor,Optimer,658-03-7914
Faith,Adams,648-18-7249
Paige,Adams,587-22-4171
Victor,Richfield,579-42-4803
Gabriella,Eckhart,579-39-3893
David,Walters,574-33-0638
Victor,Daughtry,036-66-0528
Tina,French,504-02-6321
Yves,Wyans,680-05-3592
Ivan,Urlacher,320-80-7582
James,Tavares,679-07-3903
Frank,Bartrand,446-20-5252
Emily,Qualms,478-70-9080
Sam,Anderson,253-43-2301
Paige,Karlson,516-10-3912
Valerie,Overman,489-07-0327
Rebecca,Neeson,001-98-7660
Oscar,Zenith,009-05-8861
Emily,Karlson,522-30-6506
Usain,Canfield,221-94-6427
Paige,Uman,217-39-5545
Frank,Karlson,516-40-2855
Paige,Kelso,520-46-5896
David,Tavares,221-03-2200
Bob,Nene,264-04-1776
Faith,Uman,029-36-8510
Nathan,Grayton,576-80-6556
Inez,Qualms,501-84-0257
Valerie,Richfield,222-04-4893
Hannah,Issacs,365-68-8300
Allison,Humphrey,517-26-2874
Tim,Neeson,423-58-5062
